{"cameraMode":{"drawMode":0,"name":"Shaded","section":"Shading Mode"},"sceneLighting":true,"audioPlay":false,"sceneViewState":{"showFog":true,"showMaterialUpdate":false,"showSkybox":true,"showFlares":true,"showImageEffects":true,"showParticleSystems":true},"in2DMode":false,"pivot":{"x":0.058619942516088489,"y":2.310251474380493,"z":1.4707707166671754},"rotation":{"x":-0.03658727928996086,"y":0.019485734403133394,"z":0.0007135570049285889,"w":0.9991421699523926},"size":0.7601737380027771,"orthographic":false}