{"cameraMode":{"drawMode":0,"name":"Shaded","section":"Shading Mode"},"sceneLighting":false,"audioPlay":false,"sceneViewState":{"showFog":true,"showMaterialUpdate":false,"showSkybox":false,"showFlares":true,"showImageEffects":true,"showParticleSystems":true},"in2DMode":false,"pivot":{"x":0.002099953591823578,"y":0.2994709610939026,"z":-0.011143803596496582},"rotation":{"x":-0.2279914766550064,"y":-0.07498612254858017,"z":0.01761278323829174,"w":-0.970619261264801},"size":0.34641024470329287,"orthographic":false}