{"cameraMode":{"drawMode":0,"name":"Shaded","section":"Shading Mode"},"sceneLighting":false,"audioPlay":false,"sceneViewState":{"showFog":true,"showMaterialUpdate":false,"showSkybox":true,"showFlares":true,"showImageEffects":true,"showParticleSystems":true},"in2DMode":false,"pivot":{"x":-0.5824375748634338,"y":1.6025818586349488,"z":-1.4626469612121583},"rotation":{"x":0.5531384348869324,"y":0.014240721240639687,"z":-0.009456409141421318,"w":0.8329365849494934},"size":1.5845844745635987,"orthographic":false}